uuid,title_en,title_fr,short_form_en,short_form_fr,department_number,umd_number,open_canada_id
9ced415c-3060-4d20-ab3c-302f38367037,2875039 Canada Limited,2875039 Canada Limited,2CANL,2CANL,,458,2canl
73a9a5ff-b20f-4909-b3bb-095838099b64,3906949 Canada Inc.,3906949 Canada Inc.,3CAN,3CAN,,460,3can
356516e9-3fc0-4a26-8476-f23c38a82ddb,3Net Indy Holdings,3Net Indy Holdings,3NIH,3NIH,,485,3nih
0245840a-b687-432a-a291-5a80bbefa7b4,3Net Indy Investments Inc.,3Net Indy Investments Inc.,3NII,3NII,,540,3nii
617cce02-c653-426f-97c9-2e5538067ef9,7986386 Canada Inc.,7986386 Canada Inc.,7CAN,7CAN,,486,7can
7720db15-2fae-4982-93ce-bab79a00e7ef,8599963 Canada Inc.,8599963 Canada Inc.,8CAN,8CAN,,487,8can
9119d60e-6f80-4ec3-b7ed-ad8ac6c75c37,Accessibility Standards Canada,Normes d'accessibilité Canada,CASDO,OCENA,,,casdo-ocena
89a7ab6c-c736-11e4-aef9-08002710fcd5,Administrative Tribunals Support Service of Canada,Service canadien d'appui aux tribunaux administratifs,ATSSC,SCDATA,8888888,5,atssc-scdata
2abcca59-6c57-4886-99e7-85ec6c719218,Agriculture and Agri-Food Canada,Agriculture et Agroalimentaire Canada,AAFC,AAC,235,2,aafc-aac
76287b5c-ceb0-44fb-a62f-3cd4ee5de656,Argentia Private Investments Inc.,Argentia Private Investments Inc.,API,API,,488,api
97b5598b-1f72-5f68-8a71-760647e93e45,Asia-Pacific Foundation of Canada,Fondation Asie Pacifique du Canada,APFC,FAPC,11,127,apfc-fapc
514f9156-9b79-5306-a796-0a54bea23219,Assisted Human Reproduction Canada,Procréation Assistée Canada,AHRC,PAC,209,301,ahrc-pac
c3ddad27-efa9-41ab-9d12-12856482c0a8,Atlantic Canada Opportunities Agency,Agence de promotion économique du Canada atlantique,ACOA,APECA,276,1,acoa-apeca
ed979c5d-69c9-48a4-a3e8-f69c71d8c3d6,Atlantic Pilotage Authority Canada,Administration de pilotage de l'Atlantique Canada,APA,APA,221,130,apa
d623814a-10a8-439d-9a33-181ce5390b11,Atomic Energy of Canada Limited,"Énergie atomique du Canada, Limitée",AECL,EACL,138,131,aecl-eacl
c89df776-0368-4141-8860-f5755d0c644a,AviAlliance Canada Inc.,AviAlliance Canada Inc.,AAC,AAC,,489,aac
d14bcb92-f971-49a9-9c46-9dda7cd46aaa,AviAlliance Terminal Management Inc.,AviAlliance Terminal Management Inc.,ATM,ATM,,541,atm
0513239b-b578-4e57-b02a-55ba669ab740,Bank of Canada,Banque du Canada,BC,BC,212,132,bc
b9708031-65cd-4553-af72-afbb4350272a,BDC Capital Inc.,BDC Capital Inc.,BCI,BCI,,362,bci
777cf862-2218-48d8-ad7c-b3d126c3772f,Belle Bay Private Investments Inc.,Belle Bay Private Investments Inc.,BBPI,BBPI,,490,bbpi
0a05025a-91a0-4acc-a033-b60397997b7e,Belledune Port Authority,Administration portuaire de Belledune,BPA,APD,,,bpa-apd
0fcd6ef6-2574-4f77-af88-b08f5782c0a0,Blue & Gold Private Investments Inc.,Blue & Gold Private Investments Inc.,BGPI,BGPI,,491,bgpi
87cdec17-64e6-4613-999d-152a033a80c0,Blue Water Bridge Canada,Pont Blue Water Canada,BWBC,PBWC,103,302,bwbc-pbwc
180a449f-d9f7-4dad-8848-5f545afb3b78,British Columbia Treaty Commission,Commission des Traités de la Colombie-Britannique,BCTC,CTCB,,570,bctc-ctcb
a4da1974-0bc6-4398-a8f9-049f422a6a92,Business Development Bank of Canada,Banque de développement du Canada,BDC,BDC,150,135,bdc
b9184e10-f199-442e-9185-5f5d9dc2fbf0,Canada Agricultural Review Tribunal,Commission de révision agricole du Canada,CART,CRAC,,305,cart-crac
33dd2b45-8215-44e1-9c60-d7e829b6d48e,Canada Border Services Agency,Agence des services frontaliers du Canada,CBSA,ASFC,229,10,cbsa-asfc
a18c7635-deb6-5d1c-9cc5-2b42c6c67189,Canada Council for the Arts,Conseil des arts du Canada,CCA,CAC,222,139,cca-cac
9a7f872d-4071-4919-87c9-be04be38a124,Canada Deposit Insurance Corporation,Société d'assurance-dépôts du Canada,CDIC,SADC,273,140,cdic-sadc
2195e34b-e37f-4a34-a26b-15e9e487fe22,Canada Development Investment Corporation,Corporation de développement des investissements du Canada,CDEV,CDEV,148,141,cdev
5f75ce60-887a-43dc-b182-95ffb80407d0,Canada Economic Development for Quebec Regions,Développement économique Canada pour les régions du Québec,CED,DEC,93,49,ced-dec
a4fb26c7-aeae-4f6e-8ca1-2cc5336f4082,Canada Eldor Inc.,Canada Eldor Inc.,CELD,CELD,,367,celd
4e732ffd-f001-4612-8421-2840ce1e8d34,Canada Emission Reduction Incentives Agency,Agence canadienne pour l'incitation à la réduction des émissions,CERIA,ACIRE,277,102,ceria-acire
7b3c91ea-cb69-4f29-ad0c-c5e77a26260a,Canada Employment Insurance Commission,Commission de l'assurance-emploi du Canada,CEIC,CAEC,,142,ceic-caec
c9e743e8-367c-4e33-92a7-64d008f924dc,Canada Employment Insurance Financing Board,Office de financement de l'assurance-emploi du Canada,CEIFB,OFAEC,176,306,ceifb-ofaec
a3ee9522-882f-47b0-ba7d-83420dc8577c,Canada Energy Regulator,La Régie de l'énergie du Canada,CER,REC,239,38,cer-rec
c5af2e0b-3195-4428-873b-712b167af053,Canada Enterprise Emergency Funding Corporation,La Corporation de financement d'urgence d'entreprises du Canada,CEEFC,CFUEC,,,ceefc-cfuec
345d68bd-a46c-5b03-9e88-d98335eb2b8c,Canada Foundation for Innovation,Fondation canadienne pour l'innovation,Innovation,Innovation,168,143,innovation
3579f4f4-af29-451a-bfb9-5525ad233a80,Canada GEN Investment Corporation,Corporation d'investissements GEN du Canada,CGIC,CGC,,368,cgic-cgc
227548c5-64e0-4767-9881-7cf2738c9587,Canada Growth Fund Inc.,Fonds de Croissance du Canada Inc.,cgf,fcc,148,141,cgf-fcc
0bf7a34a-d427-4c4e-9b77-c5729943a092,Canada Growth Fund Investment Management Inc.,Gestion d'actifs Fonds de croissance du Canada Inc,CGFIMI,GAFCC,,,cgfimi-gafcc
26b2ba7b-1020-4e6c-87c6-fd0a74a1ab59,Canada Hibernia Holding Corporation,Société de gestion Canada Hibernia,CHHC,SGCH,,369,chhc-sgch
e992a47e-98bd-4939-8878-c93fc5a46eb7,Canada Housing Trust,Fiducie du Canada pour l'habitation,CHT,FCPL,,373,cht-fcpl
5b074ece-dc3c-4091-a90e-7e419a186b38,Canada Industrial Relations Board,Conseil canadien des relations industrielles,CIRB,CCRI,,20,cirb-ccri
6ed8957d-b77e-48b3-836b-b46620ae9c7e,Canada Infrastructure Bank,La Banque de l'infrastructure du Canada,CIB,BIC,0001,358,cib-bic
ee5e54b6-0c78-4635-92a7-2b7299045116,Canada Innovation Corporation,La Corporation d'innovation du Canada,ciccdev,ciccdev,148,141,ciccdev
26ca334b-50ba-4a50-a4a6-c771a11e3e48,Canada Lands Company CLC Limited,Société immobilière du Canada CLC limitée,CLCCL,SICCL,,370,clccl-siccl
cec34510-faab-4722-9787-0245dd0cfa58,Canada Lands Company Limited,Société immobilière du Canada Limitée,CLCL,SICL,82,147,clcl-sicl
05afe8d4-be53-4853-b529-a79c78757969,Canada Mortgage and Housing Corporation,Société canadienne d'hypothèques et de logement,CMHC,SCHL,87,149,cmhc-schl
bb5fdf62-75d4-501f-a00b-e09c5eff6eb4,Canada-Newfoundland and Labrador Offshore Petroleum Board,Office Canada–Terre-Neuve-et Labrador des hydrocarbures extracôtiers,CNLOPB,CNLOPB,51,152,cnlopb
16986d6d-7666-572f-a951-0d32630faca3,Canada-Nova Scotia Offshore-Petroleum Board,Office Canada-Nouvelle-Écosse des hydrocarbures extracôtiers,CNSOPB,CNSOPB,95,153,cnsopb
ab335a43-ba88-4d3d-8b28-0c461019ebf6,Canada Pension Plan Investment Board,L'Office d'investment du Régime de pensions du Canada,cppib,oirpc,0002,150,cppib-oirpc
d5a06ab7-88f9-45fa-8903-6245fd48216c,Canada Post,Postes Canada,CPC,SCP,83,151,cpc-scp
88b6ee4b-aa19-475b-b92a-2a80260806c2,Canada Revenue Agency,Agence du revenu du Canada,CRA,ARC,47,72,cra-arc
892b1e0c-3389-4c9f-a6f0-92fe653016c1,Canada School of Public Service,École de la fonction publique du Canada,CSPS,EFPC,73,15,csps-efpc
6fdf2204-b9e0-40c3-8d1d-f23e08d7a072,Canada Science and Technology Museum,Musée des sciences et de la technologie du Canada,CSTM,MSTC,202,216,cstm-mstc
4c1993ea-043d-4934-b0d1-810b8643f1a4,Canada TMP Finance Ltd.,Financière Canada TMP Ltée,TMP,TMP,,,tmp
293bed0d-fb8a-4946-bfb0-44a69d8fd789,Canada Water Agency,Agence de l'eau du Canada,CWA,AEC,,,cwa-aec
130002b1-6961-4764-a041-744d87e89157,Canadian Air Transport Security Authority,Administration canadienne de la sûreté du transport aérien,CATSA,ACSTA,250,155,catsa-acsta
0f2d6642-8818-4671-b4ef-253f1f47ab1d,Canadian Artists and Producers Professional Relations Tribunal,Tribunal canadien des relations professionnelles artistes-producteurs,CAPPRT,TCRPAP,24,307,capprt-tcrpap
c6f79bda-163b-53e6-82dc-dbf26028dbab,Canadian Broadcasting Company,Radio-Canada,CBC,Radio-Canada,199,156,cbc-radio-canada
5fee6ef8-aa76-4351-818d-00589c947075,Canadian Centre for Occupational Health and Safety,Centre canadien d'hygiène et de sécurité au travail,CCOHS,CCHST,35,157,ccohs-cchst
5ede278a-55cb-49a3-9bf0-0d0dfc3a73d6,Canadian Commercial Corporation,Corporation commerciale canadienne,CCC,CCC,34,159,ccc
8a5479fd-b378-5301-8956-553dd0e4a042,Canadian Cultural Property Export Review Board,Commission canadienne d'examen des exportations de biens culturels,CCPERB,CCEEBC,,308,ccperb-cceebc
bfedf818-5d2d-4478-a8f9-a7ff8d6b727f,Canadian Dairy Commission,Commission canadienne du lait,CDC,CCL,151,13,cdc-ccl
90d94fd0-5e79-4dbb-af2a-b1dc881749fa,Canadian Food Inspection Agency,Agence canadienne d'inspection des aliments,CFIA,ACIA,206,58,cfia-acia
30e320bc-7b68-4e04-ad75-7990359ea265,Canadian Forces,Forces canadiennes,CAF,FACDND,,571,caf-facdnd
1c747db2-e282-4798-98eb-0c9556378662,Canadian Forces Morale and Welfare Services,Services de bien-être et moral des Forces canadiennes,CFMWS,SBMFC,,,cfmws-sbmfc
5ad2ac6e-e82d-4d1f-90c0-aa74e7e00866,Canadian Government Specifications Board,Office des normes générales du Canada,CGSB,ONGC,,572,cgsb-ongc
196ff0d1-a29e-48ad-829d-24d93d656eaf,Canadian Grain Commission,Commission canadienne des grains,CGC,CCG,169,17,cgc-ccg
9eeb1859-d658-4e1b-a0e0-45cfab4e3e5a,Canadian Heritage,Patrimoine canadien,PCH,PCH,16,86,pch
7989cba8-1f59-47c1-b9bc-f5fa9a0e03e7,Canadian Human Rights Commission,Commission canadienne des droits de la personne,CHRC,CCDP,113,55,chrc-ccdp
d767e220-09b6-4ae0-97b2-7e94683db117,Canadian Institutes of Health Research,Instituts de recherche en santé du Canada,CIHR,IRSC,236,24,cihr-irsc
ab62517f-41bf-49da-ab49-4c03b9c2e683,Canadian Intergovernmental Conference Secretariat,Secrétariat des conférences intergouvernementales canadiennes,CICS,SCIC,274,18,cics-scic
8d7884db-f877-467b-957d-501ec94aca6d,Canadian International Trade Tribunal,Tribunal canadien du commerce extérieur,CITT,TCCE,,9,citt-tcce
3174c597-4041-46cf-8319-49921da0f08b,Canadian Museum for Human Rights,Musée canadien pour les droits de la personne,CMHR,MCDP,267,163,cmhr-mcdp
4ea922bd-53c4-4905-848b-9329b98a0441,Canadian Museum of History,Musée canadien de l'histoire,CMC,MCC,263,164,cmc-mcc
7ccb5e75-7e34-486f-9229-2f573b583653,Canadian Museum of Immigration at Pier 21,Musée canadien de l'immigration du Quai 21,CMIP,MCIQ,2,165,cmip-mciq
1a781743-7f0f-4a50-b620-cccee18d709c,Canadian Museum of Nature,Musée canadien de la nature,CMN,MCN,57,166,cmn-mcn
63cff5a6-fb76-4938-91eb-010d3c0673de,Canadian Northern Economic Development Agency,Agence canadienne de développement économique du Nord,CanNor,CanNor,4,74,cannor
261f1df4-dd3a-4dad-939b-55b4f2853fbb,Canadian Nuclear Safety Commission,Commission canadienne de sûreté nucléaire,CNSC,CCSN,58,29,cnsc-ccsn
caf50f1c-fb5f-40c9-bb77-3946d1505a59,Canadian Race Relations Foundation,La Fondation Canadienne des relations raciales,crrf,fcrr,0003,169,crrf-fcrr
dfdd27dd-1be6-4735-a763-f3d3360a46fe,Canadian Radio-television and Telecommunications Commission,Conseil de la radiodiffusion et des télécommunications canadiennes,CRTC,CRTC,126,106,crtc
f06cf54b-f618-4358-8f47-82b54d2979b7,Canadian Security Intelligence Service,Service canadien du renseignement de sécurité,CSIS,SCRS,90,28,csis-scrs
95f65cf9-ed6a-4630-9c1a-8339fdb15cf0,Canadian Space Agency,Agence spatiale canadienne,CSA,ASC,3,25,csa-asc
18cecf2c-de86-43e2-8b4d-5b1e4c9edd84,Canadian Transportation Agency,Office des transports du Canada,CTA,OTC,124,4,cta-otc
35e24585-b7b9-4def-a1be-93a185744753,Civilian Review and Complaints Commission for the RCMP,Commission civile d'examen et de traitement des plaintes relatives à la Gendarmerie royale du Canada,CPC,CPP,136,104,cpc-cpp
e00ab53e-f10b-434d-9378-e9ccf074e03e,College of Immigration and Citizenship Consultants,Collège des Consultants en Immigration et en Citoyenneté,CICC,CCIC,,,cicc-ccic
0fe663a9-16ea-41da-b776-3e02b7a966bf,College of Patent Agents and Trademark Agents,Collège des agents de brevets et des agents de marques de commerce,CPATA,CABAMC,,,cpata-cabamc
c89ad83c-474e-4751-bba9-07c979fc8944,Commissioner of Canada Elections,Commissaire aux élections fédérales,OCCE,BCEF,,,occe-bcef
321f1015-551d-45a0-b1b7-c1fdfcb20f66,Communications Security Establishment Canada,Centre de la sécurité des télécommunications Canada,CSEC,CSTC,156,27,csec-cstc
e61655c2-5186-46ab-b856-8343c3c04a2e,Competition Tribunal,Tribunal de la concurrence,CT,TC,,331,ct-tc
0560b521-a423-4a01-a993-f8aa2ea353f5,Copyright Board Canada,Commission du droit d'auteur du Canada,CB,CDA,116,22,cb-cda
82a8e35c-fedb-4153-b66f-885494b3e9ec,Corporation for the Mitigation of Mackenzie Gas Project Impacts,Société d'atténuation des répercussions du projet gazier Mackenzie,CMMGPI,SARPGM,1,314,cmmgpi-sarpgm
3eee5483-9b34-492d-ae39-3c378f3c2354,Correctional Service of Canada,Service correctionnel du Canada,CSC,SCC,193,88,csc-scc
4efc4a27-695b-4ab7-b25d-252b3d85fe2d,Courts Administration Service,Service administratif des tribunaux judiciaires,CAS,SATJ,228,11,cas-satj
d54c8e31-8f3e-46c5-bdc5-d22bc553cbc2,Crown-Indigenous Relations and Northern Affairs Canada,Relations Couronne-Autochtones et Affaires du Nord Canada,CIRNAC,RCAANC,249,57,aandc-aadnc
dfd345ad-4b40-4eb7-b03c-9533c1989742,Datura Private Investments Inc.,Datura Private Investments Inc.,DPI,DPI,,492,dpi
aa37fa1c-bc8c-4196-9ac2-33b873c8c7a7,Defence Construction Canada,Construction de Défense Canada,DCC,CDC,28,176,dcc-cdc
b274ff8b-610b-5f1c-b4f1-468247206108,Defence Research and Development Canada,Recherche et développement pour la Défense Canada,DRDC,RDDC,65656,274,drdc-rddc
05d03dcb-5906-4555-a5a1-84d86e9e94dd,Department of Finance Canada,Ministère des Finances Canada,FIN,FIN,157,44,fin
5f70b0df-d227-47ef-81fe-eb3a47c4ff0a,Department of Justice Canada,Ministère de la Justice Canada,JUS,JUS,119,69,jus
2eb3b7d5-68ef-45f1-b962-f5014140b636,Deputy Prime Minister and Minister of Finance,Vice-première ministre et ministre des Finances,DPM,VPM,,,dpm-vpm
d34a790c-a2e2-48c1-80d8-705205e3d979,Destination Canada,Destination Canada,CTC,CCT,178,170,ctc-cct
7c6702ac-52b0-42e0-adab-0b5e09818e83,Development Finance Institution - FinDev Canada,Institution de financement du développement - FinDev Canada,DFI,IFD,,,dfi-ifd
177f4c5d-5eb5-469f-b0db-7cbf3cc313f9,Elections Canada,Élections Canada,elections,elections,285,14,elections
055adcd8-8fda-40da-a5b7-689ff7db57a6,Employment and Social Development Canada,Emploi et Développement social Canada,ESDC,EDSC,141,26,esdc-edsc
83d10e21-5c8f-4274-be3b-5208cd754c44,Energy Supplies Allocation Board,Office de répartition des approvisionnements d'énergie,ESAB,ORAD,,40,esab-orad
5bda4bd0-a57d-4cff-9dcb-51b9abd7f5a4,Enterprise Cape Breton Corporation,Société d'expansion du Cap-Breton,ECBC,SECB,203,315,ecbc-secb
49e2adf4-ad7a-43eb-85c8-6433d37ed62c,Environment and Climate Change Canada,Environnement et Changement climatique Canada,EC,EC,99,33,ec
e6f849ef-44dd-453a-91dc-219cd93a7dff,Exinvest Inc.,Exinvest Inc.,EXI,EXI,,483,exi
978e1bc5-401f-4af2-a8a5-bfbbef62c818,Export Development Canada,Exportation et développement Canada,EDC,EDC,62,179,edc
c0afabdb-3b37-4d0a-b45c-5a507a895b94,External User,Utilisateur externe,EU,Ue,,,external-externe
215f5df1-c82f-4b31-8899-735916a9c80c,Farm Credit Canada,Financement agricole Canada,FCC,FAC,23,180,fcc-fac
dfcb28fb-9a1f-48e4-8c3d-a916257ca7cf,Farm Products Council of Canada,Conseil des produits agricoles du Canada,FPCC,CPAC,200,48,fpcc-cpac
f0942d98-3f6b-4614-b6bc-0a0bf6284cff,Federal Bridge Corporation,Société des ponts fédéraux,FBCL,SPFL,254,181,fbcl-spfl
d83ab29c-c1e3-437c-97bb-bb5984ae6666,Federal Economic Development Agency for Northern Ontario,Agence fédérale de développement économique pour le Nord de l'Ontario,FEDNOR,FEDNOR,,,fednor
1918b8ae-b298-4809-b5db-43100f93aeac,Federal Economic Development Agency for Southern Ontario,Agence fédérale de développement économique pour le Sud de l'Ontario,FedDev Ontario,FedDev Ontario,21,39,feddevontario
59ce1854-3540-41a8-8e56-8bea280256fc,Federal Public Sector Labour Relations and Employment Board,Commission des relations de travail et de l'emploi dans le secteur public fédéral,FPSLREB,CRTESPF,,103,fpslreb-crtespf
7b161522-87d8-5213-bb3d-409a853cf241,Federal Public Service Health Care Plan Administration Authority,Administration du Régime de soins de santé de la fonction publique fédérale,PSHCP,RSSFP,,573,pshcp-rssfp
f5ffe147-68ec-4dc5-aa38-825f432002dc,Financial Consumer Agency of Canada,Agence de la consommation en matière financière du Canada,FCAC,ACFC,224,46,fcac-acfc
0c38b176-a05c-4462-8f16-ae8335f1a332,Financial Transactions and Reports Analysis Centre of Canada,Centre d'analyse des opérations et déclarations financières du Canada,FINTRAC,CANAFE,127,16,fintrac-canafe
a7efe0ac-4768-42af-b29f-ff7f8deb5c8f,First Nations Financial Management Board,Conseil de gestion financière des premières nations,FNFMB,CGFPN,,316,fnfmb-cgfpn
c649b007-b104-40de-8917-a951a8dd3369,First Nations Statistical Institute,Institut de la statistique des premières nations,FNSI,ISPN,120,317,fnsi-ispn
d9b68c15-0ffc-574a-964f-1180d034c2ae,First Nations Tax Commission,Commission de la fiscalité des premières nations,FNTC,CFPN,112,318,fntc-cfpn
e56460a0-2055-4bf4-a693-ea238e0746e7,Fisheries and Oceans Canada,Pêches et Océans Canada,DFO,MPO,253,31,dfo-mpo
532d7148-51c2-458b-96c5-04de52571fb0,Freshwater Fish Marketing Corporation,Office de commercialisation du poisson d'eau douce,FFMC,OCPED,252,182,ffmc-ocped
91894681-59ce-4790-b4fb-ca364d9a62e4,Galvaude Private Investments Inc.,Galvaude Private Investments Inc.,GPI,GPI,,494,gpi
d7c2580f-89c5-4705-9d56-6b0e8e5d9538,Global Affairs Canada,Affaires mondiales Canada,DFATD,MAECD,64,41,dfatd-maecd
962985bb-8a54-425e-9783-4d67466cb531,Government of British Columbia,Gouvernment de la Colombie-Britannique,BC,CB,,,bc-cb
10eb8042-b537-4f32-a668-f62a30573662,Government of Newfoundland and Labrador,Gouvernment de Terre-Neuve-et-Labrador,NL,TNL,,,nl-tnl
27ca7128-0049-4a9f-a252-61503a82c25f,Government of Nova Scotia,Gouvernment de la Nouvelle-Écosse,NS,NE,,,ns-ne
dbbc4d72-a589-4ee5-bb0b-8de78ff8df65,Government of Ontario,Gouvernement de l'Ontario,ON,ON,,,on
9f31d80d-3104-46ff-a67b-65de82c9907b,Government of Prince Edward Island,Gouvernement de l'Île-du-Prince-Édouard,PEI,IPE,,,pei-ipe
965fe090-6987-47c4-aed2-1913df20bf84,Government of Saskatchewan,Gouvernement de la Saskatchewan,SK,SK,,,sk
2f265480-9433-4458-9b0c-cb3e4872c89b,Great Lakes Pilotage Authority Canada,Administration de pilotage des Grands Lacs Canada,GLPA,APGL,261,184,glpa-apgl
3a79a5d1-58c1-4e5f-8971-b38807fc0532,Gwich'in Land and Water Board,Office Gwich'in des terres et des eaux,GLWB,OGTE,,574,glwb-ogte
48a85098-d1e8-4b23-a80d-da317d06d447,Gwich'in Land Use Planning Board,Office Gwich'in d'aménagement territorial,GLUPB,OGAT,,575,glupb-ogat
a88243b5-40f8-4f3c-8a6c-045ef1e44f6d,Halifax Port Authority,Administration portuaire de Halifax,HALPA,APHAL,,190,halpa-aphal
aaf80f1a-83e3-4a5d-a730-4f653e927e2a,Hamilton-Oshawa  Port Authority,Administration portuaire de Hamilton-Oshawa,HAMPA,APHAM,,191,hampa-apham
a1a99158-c6cb-44f3-a1a9-0b474776e7a0,Hazardous Materials Information Review Commission Canada,Conseil de contrôle des renseignements relatifs aux matières dangereuses Canada,HMIRC,CCRMD,49,319,hmirc-ccrmd
bd26db5e-82d2-42c1-99bb-08fcf6068fee,Health Canada,Santé Canada,HC,SC,271,107,hc-sc
d052a5e1-3944-4bd3-8ac4-efafb45d2938,Historic Sites and Monuments Board of Canada,Commission des lieux et monuments historiques du Canada,HSMBC,CLMHC,,576,hsmbc-clmhc
b32aa675-0c0e-47c6-b716-9f615625b5e1,House of Commons,Chambre des communes,HoC,CdC,,,hoc-cdc
26f0d053-27f8-4ede-b279-156e80c41a90,Human Rights Tribunal of Canada,Tribunal des droits de la personne du Canada,HRTC,TDPC,164,310,hrtc-tdpc
8256eebf-3548-44d1-b92a-4f40f858e4e3,Human Rights Tribunal,Tribunal des droits de la personne,CHRT,TCDP,,310,chrt-tcdp
e93d81b4-c6fc-475e-904a-825f56a4902f,Immigration and Refugee Board of Canada,Commission de l'immigration et du statut de réfugié du Canada,IRB,CISR,5,67,irb-cisr
51383040-f4f9-4b96-9e6b-2d70aafb522a,"Immigration, Refugees and Citizenship Canada","Immigration, Réfugiés et Citoyenneté Canada",CIC,CIC,94,61,cic
04f792c7-7836-4581-94ed-00bccb22ab5d,Impact Assessment Agency of Canada,Agence d'évaluation d'impact du Canada,IAAC,AEIC,270,37,iaac-aeic
179e0e74-4715-476e-8afa-7f6a2354c819,Indian Residential Schools Truth and Reconciliation Commission,Commission de vérité et de réconciliation relative aux pensionnats indiens,IRSTRC,CVRRPI,245,68,irstrc-cvrrpi
cf163898-48e7-456f-9cb1-c992208bde3b,Indigenous Services Canada,Services aux Autochtones Canada,ISC,SAC,45371,577,isc-sac
5f4f2400-1614-48e8-a258-d03c07349407,Indo-Infra Inc.,Indo-Infra Inc.,IINFRA,IINFRA,,495,iinfra
194bd079-f5dd-4fc8-82b2-5fcde3f4a765,Infra H20 GP Partners Inc.,Infra H20 GP Partners Inc.,IHGP,IHGP,,496,ihgp
bb24ae53-ac26-4ffc-8d69-be6a9c156ca5,Infra H20 LP Partners Inc.,Infra H20 LP Partners Inc.,IHLP,IHLP,,497,ihlp
5dad5d17-54a3-48d5-9092-3593f63e6997,Infra-PSP Canada Inc.,Infra-PSP Canada Inc.,IPCAN,IPCAN,,498,ipcan
ca986022-e9db-4ed3-b50d-b5282a4cbee8,Infra-PSP Credit Inc.,Infra-PSP Credit Inc.,IPCRED,IPCRED,,499,ipcred
1447b3cd-fef6-4cfa-907c-af7d8e6e57fc,Infra-PSP ECEF Inc.,Infra-PSP ECEF Inc.,IPE,IPE,,500,ipe
d667a83a-7e97-4282-b0c0-855a965801ed,Infra-PSP Partners Inc.,Infra-PSP Partners Inc.,IPP,IPP,,501,ipp
ac76b01b-0569-4067-a427-d1f6183a8746,Infrastructure Canada,Infrastructure Canada,INFC,INFC,278,62,infc
4ea4dd29-5d51-409e-9358-51aa661e526e,Infra TM Investments Inc.,Infra TM Investments Inc.,ITI,ITI,,502,iti
06cc519c-e56e-4fc8-8b9c-be0a461e3cd9,"Innovation, Science and Economic Development Canada","Innovation, Sciences et Développement économique Canada",IC,IC,230,34,ic
16d0354d-b873-4a50-b39a-8b6fab79034a,Intergovernmental Affairs,Affaires intergouvernementales,IGA,AIG,173,87,iga-aig
da1fe533-dacd-58b6-b76d-c791afdf90fc,International Development Research Centre,Centre de recherches pour le développement international,IDRC,CRDI,280,196,idrc-crdi
6a7ae9c6-15dd-4ccd-a2c4-29bbf020e109,International Joint Commission,Commission mixte internationale,IJC,CMI,4658,60,ijc-cmi
781ee2ff-fa0a-4bac-9192-bf648c6dc92a,Invest in Canada,Investir Au Canada,IIC,IAC,,,iic-iac
aa542655-a6a8-4dd8-970a-ce39c959650b,Ivory Private Investments Inc.,Ivory Private Investments Inc.,IPI,IPI,,503,ipi
24854a03-a1e5-5e5d-9a46-86efae3e508a,Jacques Cartier and Champlain Bridges Incorporated,Ponts Jacques Cartier et Champlain Incorporée,JCCBI,PJCCI,,285,jccbi-pjcci
55dd1011-2e26-4b3a-b17b-0de5badf98a0,Kings Island Private Investments Inc.,Kings Island Private Investments Inc.,KIPI,KIPI,,504,kipi
b2ee0266-52e2-430b-a344-7237274f6104,Laurentian Pilotage Authority Canada,Administration de pilotage des Laurentides Canada,LPA,APL,213,204,lpa-apl
db890cd6-68e6-4765-81b5-0061f904f0b9,Law Commission of Canada,Commission du droit du Canada,ORG231,ORG231,231,284,org231
75bdab68-199f-4c06-92a3-e1e6769b0b8e,Library and Archives Canada,Bibliothèque et Archives Canada,LAC,BAC,129,8,lac-bac
0c002e0e-05b9-4b3b-86fc-23ad8babd461,Library of Parliament,Bibliothèque du Parlement,LP,BP,55558,355,lp-bp
6048d791-7971-4f05-b549-5dec1d7e7742,Mackenzie Valley Environmental Impact Review Board,Office d'examen des répercussions environnementales de la vallée du Mackenzie,MVEIRB,OERVM,,579,mveirb-oervm
6d17c478-bfe6-4ef3-bdc4-1e99d831f79a,Mackenzie Valley Land and Water Board,Office des terres et des eaux de la vallée du Mackenzie Valley,MLVWB,OTEVM,,580,mlvwb-otevm
1d15328a-acfb-4793-8abd-19d0a287a6ac,Marine Atlantic Inc.,Marine Atlantique S.C.C.,MAI,MAI,238,206,mai
c3c6f115-462e-40ee-ae9c-1957152f52e5,Military Grievances External Review Committee,Comité externe d'examen des griefs militaires,MGERC,CEEGM,43,42,mgerc-ceegm
88e53539-2a56-4169-b682-c11df3cb405f,Military Police Complaints Commission of Canada,Commission d'examen des plaintes concernant la police militaire du Canada,MPCC,CPPM,66,23,mpcc-cppm
99f22e81-b9bf-4812-9fd9-d383b5ca0caa,"Minister of Intergovernmental Affairs, Infrastructure and Communities","Ministre des Affaires intergouvernementales, de l'Infrastructure et des Collectivités",MIGA,MAIG,,,miga-maig
e3d94b32-1653-52e0-be82-9bbf6d4323db,Montreal Port Authority,Administration portuaire de Montréal,MPA,APM,74,210,mpa-apm
3c5dda60-94a2-5d89-b3c1-677de8fd5ac2,Nanaimo Port Authority,Administration portuaire de Nanaïmo,NNPA,APN,104,212,nnpa-apn
9e178073-326d-500a-8b87-f6a282a0b101,National Arts Centre,Centre national des Arts,NAC,CNA,91,213,nac-cna
5409da6c-f5d7-45a7-9de2-7242d6464c74,National Capital Commission,Commission de la capitale nationale,NCC,CCN,22,73,ncc-ccn
c761a230-fa2e-5282-b435-56e9c7d31ba1,National Defence and Canadian Forces Ombudsman,Ombudsman de la Défense nationale et des Forces canadiennes,NDCFO,ODNFC,60000,591,ndcfo-odnfc
4caec647-c069-4c25-b1cd-17f648e5dbc0,National Defence,Défense nationale,DND,MDN,32,32,dnd-mdn
581b66bd-5c64-4f1f-86c8-d653a1539ead,National Film Board,Office national du film,NFB,ONF,167,76,nfb-onf
3339da23-42cd-4c47-be17-6389004e08c1,National Gallery of Canada,Musée des beaux-arts du Canada,NGC,MBAC,59,215,ngc-mbac
8b99df16-7fe2-48eb-84b2-b863bcae894b,National Inquiry into Missing and Murdered Indigenous Women and Girls,Enquête nationale sur les femmes et les filles autochtones disparues et assassinées,MMIWG,FFADA,,,mmiwg-ffada
ef74c91f-8b81-4c59-8d5f-17094d96f057,National Research Council Canada,Conseil national de recherches Canada,NRC,CNRC,172,80,nrc-cnrc
9f10d599-6c3e-4780-9652-12be4bd3634e,National Round Table on the Environment and the Economy,Table ronde nationale sur l'environnement et l'économie,NRTEE,TRNEE,100,75,nrtee-trnee
eec19c60-1de5-4431-ad53-552957343bec,National Security and Intelligence Review Agency,Office de surveillance des activités en matière de sécurité nationale et de renseignement,NSIRA,OSSNR,,,nsira-ossnr
9391e0a2-9717-4755-b548-4499c21f917b,Natural Resources Canada,Ressources naturelles Canada,NRCan,RNCan,115,105,nrcan-rncan
ab393e59-2e93-4932-a447-179a784c2553,Natural Sciences and Engineering Research Council of Canada,Conseil de recherches en sciences naturelles et en génie du Canada,NSERC,CRSNG,110,81,nserc-crsng
9ccf9e88-b27a-4e6f-a0f0-f0acfba58d80,Northern Fjord Holdings Inc.,Northern Fjord Holdings Inc.,NFH,NFH,,505,nfh
53e03e33-27af-492f-ba63-e25d8c7b91ef,Northern Pipeline Agency Canada,Administration du pipe-line du Nord Canada,NPA,APN,10,78,npa-apn
7bcf1984-ed0f-4512-9e48-21b043f41d9f,Nunavut Impact Review Board,La Commission du Nunavut chargée de l'examen des répercussions,NIRB,CNER,,581,nirb-cner
44768e19-b359-4bb4-94bc-2330d1c73be5,Nunavut Planning Commission,Commission d'aménagement du Nunavut,NPC,CAN,,582,npc-can
6efdd362-c4dc-4563-8450-0a825f87f754,Nunavut Surface Rights Tribunal,Le Tribunal des droits de surface du Nunavut,NSRT,TDSN,,583,nsrt-tdsn
9b63d08e-8d4c-497b-979a-c11882e6781f,Nunavut Water Board,l'Office des Eaux du Nunavut,NWB,OEN,,584,nwb-oen
cb8fbbb4-81f7-401f-9ee4-d982bdb91160,Office of the Administrator of the Fund for Railway Accidents Involving Designated Goods,Caisse d'indemnisation pour les accidents ferroviaires impliquant des marchandises désignées,FRAIDG,CIAFIMD,,585,fraidg-ciafimd
4ddd2fc7-a8ea-4633-841b-248a5f792540,Office of the Auditor General of Canada,Bureau du vérificateur général du Canada,OAG,BVG,125,6,oag-bvg
ef5d59d0-6f93-4b00-a248-db7c103d194b,Office of the Chief Science Advisor of Canada,Bureau du conseiller scientifique en chef du Canada,OCSA,BCSC,12121212,,ocsa-bcsc
cdcd07c8-6c96-4a4c-81c1-a03616ce28d1,Office of the Commissioner for Federal Judicial Affairs Canada,Commissariat à la magistrature fédérale Canada,FJA,CMF,140,45,fja-cmf
6b85304c-c856-463d-a6db-463091fee549,Office of the Commissioner of Lobbying of Canada,Commissariat au lobbying du Canada,OCL,CAL,205,70,ocl-cal
e45b1486-67db-431a-96c5-e127df594dba,Office of the Commissioner of Official Languages,Commissariat aux langues officielles,OCOL,CLO,258,21,ocol-clo
29a15a37-bb1f-5e43-aacc-48781b297fd6,Office of the Information Commissioner of Canada,Commissariat à l'information du Canada,OIC,CI,41,65,oic-ci
626f5b6f-4bc3-4622-a60c-ea10fdccaa90,Office of the Intelligence Commissioner,Bureau du commissaire au renseignement,OCSEC,BCCST,279,221,ocsec-bccst
8ae76ce1-ed70-409e-abe5-d71d81b93d70,Office of the Leader of the Government in the House of Commons,Cabinet du Leader du gouvernement à la Chambre des communes,ghl,lgc,,,ghl-lgc
32b71ddb-e73f-46c9-a816-ff0ca0869e7b,Office of the Minister of Democratic Institutions,Cabinet du Ministre des Institutions démocratiques,MDI,MID,,,mdi-mid
cf247646-9a5a-43c7-acc9-b2ec890fdbc2,Office of the Prime Minister,Cabinet du premier ministre,PMO,CPM,,,pmo-cpm
1e85edf7-8d3c-4e68-8b47-d17b5a69bd42,Office of the Privacy Commissioner of Canada,Commissariat à la protection de la vie privée du Canada,OPC,CPVP,226,84,opc-cpvp
fa99e4f5-bf48-4622-9fc1-722ac1dac79f,Office of the Public Sector Integrity Commissioner of Canada,Commissariat à l'intégrité du secteur public du Canada,PSIC,ISPC,210,63,psic-ispc
e887979c-ad8b-49b6-8fd8-026b2956451f,Office of the Secretary to the Governor General,Bureau du secrétaire du gouverneur général,OSGG,BSGG,5557,51,osgg-bsgg
4f01090b-c049-4caf-9c6c-d00312b23dcb,Office of the Superintendent of Financial Institutions Canada,Bureau du surintendant des institutions financières Canada,OSFI,BSIF,184,108,osfi-bsif
3c61020a-efb4-49fd-bdf2-b3b4389706e5,Office of the Taxpayers' Ombudsperson,Bureau de l'ombudsman des contribuables,OTO,BOC,55656,,oto-boc
ab4d2629-d1ce-46cf-bf6c-17eb125aa89b,Office of the Veterans Ombudsman,Bureau de l'ombudsman des vétérans,OVO,BOV,3368923,592,ovo-bov
acb689e8-004d-40db-93de-8fe06916bc25,Old Port of Montreal Corporation Inc.,Société du Vieux-Port de Montréal Inc.,OPMC,SVPM,,327,opmc-svpm
8d5b925f-72f8-4f90-ae3e-d697ab6b4cff,Oshawa Port Authority,Administration portuaire d'Oshawa,OPA,APD,,224,opa-apd
0e2bfa59-fd8d-4480-8add-aa6fb615db0d,Pacific Economic Development Canada,Développement économique Canada pour le Pacifique,PacifiCan,PacifiCan,,,pacifican
4256f094-418d-4995-bb27-de4d8b969644,Pacific Pilotage Authority Canada,Administration de pilotage du Pacifique Canada,PPA,APP,165,227,ppa-app
b9572e02-e4db-44a7-bf16-42545e41923a,Parc Downsview Park Inc.,Parc Downsview Park Inc,PDP,PDP,,328,pdp
b578a1c3-fdcf-4f36-89e2-3b2e75020c43,Parks Canada,Parcs Canada,PC,PC,154,12,pc
6af7eae0-2351-43bb-ad44-262bddd45e08,Parole Board of Canada,Commission des libérations conditionnelles du Canada,PBC,CLCC,246,79,pbc-clcc
2d75ff7e-56b3-534e-aa8b-7545d9d386bb,Passport Canada,Passeport Canada,PPTC,PPTC,284,91,pptc
13a37b05-6384-45ff-a2ae-2de2cd380b59,Patented Medicine Prices Review Board Canada,Conseil d'examen du prix des médicaments brevetés Canada,PMPRB,CEPMB,15,96,pmprb-cepmb
b6ca1fdf-349e-5b46-b542-ba980dbafe0e,Pension Appeals Board,Commission d'appel des pensions,PAB,CAP,286,329,pab-cap
17245196-1b85-5c04-8138-f5a5f3e65304,Pierre Elliott Trudeau Foundation,Fondation Pierre Elliott Trudeau,PETF,FPET,269,228,petf-fpet
1b0f90ff-3458-47a6-99fd-28af6e006d75,Polar Knowledge Canada,Savoir polaire Canada,POLAR,POLAIRE,143,89,polar-polaire
b4b763c3-4b7f-5d50-a57a-b9c2fc1c718c,Port Alberni Port Authority,Administration portuaire de Port Alberni,PAPA,APPA,174,230,papa-appa
5b497933-416b-4c5f-8b3b-d59054ce7c77,Port-aux-Choix Private Investments Inc.,Port-aux-Choix Private Investments Inc.,PACPI,PACPI,,506,pacpi
e0dbdcf1-cb74-56e3-8930-fae44afe5bac,Port of Belledune,Port de Belledune,PB,PB,60001,133,pb
c26063c1-511a-5343-b0a7-1d651aef3efb,Port of Sept-Iles,Port de Sept-Îles,PSI,PSI,219,244,psi
2bcfc423-1fbe-5354-8898-91e141a27209,Port of Trois-Rivières,Port de Trois-Rivières,PTR,PTR,133,256,ptr
33d1e37e-0202-4954-ba37-c067fa005473,Potton Holdings Inc.,Potton Holdings Inc.,PHOLD,PHOLD,,507,phold
42f9cf70-be34-56cd-8ef3-743fc3378452,PPP Canada Inc.,PPP Canada Inc.,PPP,PPP,155,231,ppp
f73d09a8-a55a-4a7b-b78a-8b9e9f7cd3d2,Prairies Economic Development Canada,Développement économique Canada pour les Prairies,PrairiesCan,PrairiesCan,,,prairiescan
e3c4888c-df5f-4b46-84ab-12410e7a235b,President of the King's Privy Council for Canada,Président du Conseil privé du Roi pour le Canada,PKCC,PCPRC,,,pkcc-pcprc
57b2f507-4d22-42ed-a844-85498d0091c6,Prince Rupert Port Authority,L'Administration portuaire de Prince Rupert,PRPA,APPR,89632,233,prpa-appr
26df0856-0fa2-404c-87e9-21443f333990,Privy Council Office,Bureau du Conseil privé,PCO,BCP,173,87,pco-bcp
0b62b449-72b3-428d-b263-18af09d2376a,PSP Capital Inc.,PSP Capital Inc.,PCAP,PCAP,,508,pcap
8bf7ed6a-a596-4c51-adf7-e4a03e843dc1,PSP Finco Inc.,PSP Finco Inc.,PFINC,PFINC,,509,pfinc
255010ef-e70e-4664-8368-7c148331d837,PSP H2O FL GP INC.,PSP H2O FL GP INC.,PHFGI,PHFGI,,542,phfgi
6b7fb543-d4d7-4c77-96d1-c9213aa0e37c,PSPIB-Andes Inc.,PSPIB-Andes Inc.,PANDE,PANDE,,535,pande
434fb063-0748-475d-a178-9d47a4319456,PSPIB Baltimore G.P. Inc.,PSPIB Baltimore G.P. Inc.,PBGP,PBGP,,513,pbgp
c5be4ea5-172d-4190-8b18-0a5fe65be351,PSPIB Bromont Investments Inc.,PSPIB Bromont Investments Inc.,PBI,PBI,,546,pbi
beafac9a-359b-49b7-9da9-263e7ecd332b,PSPIB-CCR Inc.,PSPIB-CCR Inc.,PCCR,PCCR,,536,pccr
13821335-a75d-41f7-80ac-972a77500da0,PSPIB-Condor Inc.,PSPIB-Condor Inc.,PCON,PCON,,537,pcon
5ce07bbb-557d-480c-8b2b-b5122c1f31aa,PSPIB Deep South Inc.,PSPIB Deep South Inc.,PDS,PDS,,514,pds
96a8cc00-05ec-41c8-b205-95e289364795,PSPIB DevCol Inc.,PSPIB DevCol Inc.,PDEV,PDEV,,547,pdev
f5e9d29b-f448-4d14-8ca0-a085889bd849,PSPIB-Eldorado Inc.,PSPIB-Eldorado Inc.,PELD,PELD,,538,peld
f23ad116-a00a-4ddf-ae90-cd2f9cd288bb,PSPIB Emerald Inc.,PSPIB Emerald Inc.,PEMER,PEMER,,515,pemer
383a65c7-e8f4-4b66-a89e-145f670dd366,PSPIB Golden Range Cattle II Inc.,PSPIB Golden Range Cattle II Inc.,PGRCI,PGRCI,,519,pgrci
8564948b-d70e-49f7-a221-d9b2ce39e9a8,PSPIB Golden Range Cattle Inc.,PSPIB Golden Range Cattle Inc.,PGRC,PGRC,,520,pgrc
0840d3bb-1c69-4072-86dc-001a326c19a9,PSPIB G.P. Finance Inc.,PSPIB G.P. Finance Inc.,PGPF,PGPF,,516,pgpf
6ba957dc-bf10-4478-99e2-77201eb9e37c,PSPIB G.P. Inc.,PSPIB G.P. Inc.,PGP,PGP,,517,pgp
0b70db02-4886-4444-bfe7-6fe6ca96f6c5,PSPIB G.P. Partners Inc.,PSPIB G.P. Partners Inc.,PGPP,PGPP,,518,pgpp
93d31d33-63eb-481b-b127-dc5db983f214,PSPIB Homes Inc.,PSPIB Homes Inc.,PHOMES,PHOMES,,523,phomes
43f8c270-c496-4419-822a-40fc78b346b7,PSPIB IRP60 Inc.,PSPIB IRP60 Inc.,PIRP,PIRP,,524,pirp
2fc51b73-c851-4ab7-b389-67938907008d,PSPIB-LSF Inc.,PSPIB-LSF Inc.,PLSF,PLSF,,539,plsf
2579fc31-e7a7-43cd-bc2a-c78b2be88c4d,PSPIB LUNAR INVESTMENTS INC.,PSPIB LUNAR INVESTMENTS INC.,PLII,PLII,,525,plii
bc4f6f2f-5687-430e-8675-7c26c455f794,PSPIB MEXICO GP INC.,PSPIB MEXICO GP INC.,PMGI,PMGI,,526,pmgi
07bab840-d734-402a-9d21-7e6350a72bb0,PSPIB Michigan G.P. Inc.,PSPIB Michigan G.P. Inc.,PMGP,PMGP,,527,pmgp
4ac55f7b-2135-4375-80bd-e61299f057d5,PSPIB-MSR Inc.,PSPIB-MSR Inc.,PMSR,PMSR,,551,pmsr
6dc6433a-be1b-436e-b85f-0b75a06b3cac,PSPIB-Newbury G.P. Inc.,PSPIB-Newbury G.P. Inc.,PNGP,PNGP,,552,pngp
cd1d6874-ee30-46d2-ab64-9385375e7f09,PSPIB Orchid Inc.,PSPIB Orchid Inc.,PORCH,PORCH,,528,porch
7c09a13a-826f-4cb9-85ad-93fba58dad65,PSPIB Paisas Inc.,PSPIB Paisas Inc.,PPAIS,PPAIS,,548,ppais
e7751d89-1144-4d47-a6fb-9192d65fc4a6,PSPIB Pennsylvania Investments Inc.,PSPIB Pennsylvania Investments Inc.,PPI,PPI,,529,ppi
7adce972-0473-48b6-9a80-b49f49e6bcf8,PSPIB Realty International Inc. / PSPIB Immobilier International Inc.,PSPIB Realty International Inc. / PSPIB Immobilier International Inc.,PRIPII,PRIPII,,530,pripii
6defe2d0-0cbb-4b95-a033-fbd9f8246455,PSPIB-RE Finance Inc.,PSPIB-RE Finance Inc.,PRF,PRF,,553,prf
2e13ce95-b8d9-4198-add2-76bb9df09ebf,PSPIB-RE Finance Partners II Inc.,PSPIB-RE Finance Partners II Inc.,PRFPI,PRFPI,,555,prfpi
927f34ae-5f8e-4dfc-b4d2-33c8b200ea70,PSPIB-RE Finance Partners Inc.,PSPIB-RE Finance Partners Inc.,PRFP,PRFP,,554,prfp
fa8dd92c-9d4f-431d-b6c4-5f068eab80ce,PSPIB-RE MANCHESTER INC.,PSPIB-RE MANCHESTER INC.,PRMI,PRMI,,556,prmi
46cc2d84-7264-4e66-878e-08bdd3fde725,PSPIB-RE Partners II Inc.,PSPIB-RE Partners II Inc.,PRPI,PRPI,,558,prpi
d7c8ca3b-c490-40ab-90ca-5603783f1283,PSPIB-RE Partners Inc.,PSPIB-RE Partners Inc.,PRP,PRP,,557,prp
556abbc2-06f5-420e-92a1-c9915b9496c7,PSPIB-RE UK Inc.,PSPIB-RE UK Inc.,PRU,PRU,,559,pru
7f3b012e-7ffa-4ef1-ab59-7476a56ec451,PSPIB-SDL Inc.,PSPIB-SDL Inc.,PSDL,PSDL,,560,psdl
b71f5ed5-1ec9-43a4-bcbb-b5e1f1a3e7e1,PSPIB-Star Inc.,PSPIB-Star Inc.,PSTAR,PSSTAR,,561,pstar-psstar
26406b46-c885-4e20-a794-66ba3c1d3340,PSPIB Waiheke Inc.,PSPIB Waiheke Inc.,PWAIH,PWAIH,,534,pwaih
6cbd5226-20a1-4a0b-88e7-462933e8fe5a,PSPIB WEXFORD INVESTMENTS INC.,PSPIB WEXFORD INVESTMENTS INC.,PWII,PWII,,549,pwii
93948568-af52-4f9f-9492-9b4b7c79fb1e,PSP Investments Canada Inc./Investissements PSP Canada Inc.,PSP Investments Canada Inc./Investissements PSP Canada Inc.,PICPC,PICPC,,543,picpc
9c5ccc98-4e76-4197-944c-ddf2ac395b78,PSP Public Credit I Inc.,PSP Public Credit I Inc.,PPCI,PPCI,,510,ppci
7aa3f44f-ea8d-4cef-8c33-c70efda2c9df,PSP Public Credit Opportunities Inc.,PSP Public Credit Opportunities Inc.,PPCO,PPCO,,511,ppco
9e59d306-1f42-4162-b405-500f9473ce45,PSP Public Markets Inc.,PSP Public Markets Inc.,PPM,PPM,,512,ppm
435f35f8-87cb-56bd-af01-58cbeac05d40,Public Appointments Commission Secretariat,Secrétariat de la Commission des nominations publiques,PACS,SCNP,60002,356,pacs-scnp
1c71053b-aa64-4646-956b-41631c396018,Public Health Agency of Canada,Agence de la santé publique du Canada,PHAC,ASPC,135,3,phac-aspc
3e9c5012-ad1d-452c-9432-4c3a66e5f1f8,Public Prosecution Service of Canada,Service des poursuites pénales du Canada,PPSC,SPPC,98,90,ppsc-sppc
7c0af243-753a-465f-8d46-c4ff7397d9b6,Public Safety Canada,Sécurité publique Canada,PS,SP,214,94,ps-sp
cb96bf79-aa67-5607-b042-b182a12837a2,Public Sector Pension Investment Board,Office d'investissement des régimes de pensions du secteur public,PSPIB,OIRPSP,185,234,pspib-oirpsp
b1686391-549b-4fad-8901-2721def98c1d,Public Servants Disclosure Protection Tribunal Canada,Le Tribunal de la protection des fonctionnaires divulgateurs Canada,PSDPT,TPFD,,332,psdpt-tpfd
2eabb728-4065-45cb-bd57-f9dc195d5325,Public Servants Disclosure Protection Tribunal Canada,Tribunal de la protection des fonctionnaires divulgateurs Canada,PSDPTC,TPFDC,40,332,psdptc-tpfdc
2ffba23b-83c0-425b-8846-952a407f3d6e,Public Service Commission of Canada,Commission de la fonction publique du Canada,PSC,CFP,227,93,psc-cfp
e359fc5e-4894-427a-ac68-013c197f47d7,Public Service Labour Relations Board,Commission des relations de travail dans la fonction publique,PSLRB,CRTFP,102,103,pslrb-crtfp
39c93b4d-4f69-4f43-a5b6-fff89e8b0df2,Public Services and Procurement Canada,Services publics et Approvisionnement Canada,PWGSC,TPSGC,81,114,pwgsc-tpsgc
1676844b-e41c-49c2-956c-14056ae1df3c,Public Service Staffing Tribunal,Tribunal de la dotation de la fonction publique,PSST,TDFP,266,121,psst-tdfp
c57b3bb0-24dc-40c5-9475-6768a71765e4,Quebec Lieutenant,Lieutenant du Québec,QL,LQ,,,ql-lq
00105186-7a84-5fb4-8833-3c9d1d1d898a,Quebec Port Authority,Administration portuaire de Québec,QPA,APQ,60004,235,qpa-apq
a9977135-d5ba-4dc5-a966-86937891cd95,RCMH-MRCF Inc.,RCMH-MRCF Inc.,RMRCF,RMRCF,,569,rmrcf
fe709a24-3483-49ef-9a04-8f61d0c2806f,RCMP External Review Committee,Comité externe d'examen de la GRC,ERC,CEE,232,100,erc-cee
6f4f66e2-a78f-401a-9c91-79cfb132905c,Red Isle Private Investments Inc.,Red Isle Private Investments Inc.,RIPI,RIPI,,563,ripi
6faac6d8-0e3c-4223-8280-cd9c057c5ba2,Registrar of the Supreme Court of Canada and that portion of the federal public administration appointed under subsection 12(2) of the Supreme Court Act,Registraire de la Cour suprême du Canada et le secteur de l'administration publique fédérale nommé en vertu du paragraphe 12(2) de la Loi sur la Cour suprême,SCC,CSC,63,113,scc-csc
760a68fa-0d34-4d8f-a146-294238d3c9eb,Registry of the Competition Tribunal,Greffe du Tribunal de la concurrence,RCT,GTC,89,331,rct-gtc
292037b6-d344-403c-b26f-2089f541e4ec,Revera Inc.,Revera Inc.,RI,RI,887744,564,ri
6b59d745-bfba-4c90-b593-06ca740c7c0a,Ridley Terminals Inc.,Ridley Terminals Inc.,RTI,TRI,142,237,rti-tri
3bfb10ce-f739-4836-abef-fff4c1cda62e,Royal Canadian Mint,Monnaie royale canadienne,Mint,Monnaie,18,239,mint-monnaie
32365b12-5bf6-4b3a-ad1f-f5dad76d2fdb,Royal Canadian Mounted Police,Gendarmerie royale du Canada,RCMP,GRC,131,97,rcmp-grc
abf1cd5a-0c3b-59a3-aa4f-eeef5f6b977a,Saguenay Port Authority,Administration portuaire du Saguenay,SPA,APS,78,240,spa-aps
4d88aa15-822c-48ea-b340-3d4a3b32d4cd,Sahtu Land and Water Board,Office des terres et des eaux du Sahtu,SLWB,OTES,,587,slwb-otes
666998ab-420a-4aba-9006-a43f9ad1ad7f,Sahtu Land Use Planning Board,Conseil de l'aménagement du territoire du Sahtu,SLUPB,CATS,,588,slupb-cats
5626cda5-35dd-4707-9088-672ea292c14c,Saint John Port Authority,Administration portuaire de Saint John,STJPA,APSTJ,,242,stjpa-apstj
14d92451-590d-4ae5-9e2e-ad00b903788d,Secretariat of the National Security and Intelligence Committee of Parliamentarians,Secrétariat du Comité des parlementaires sur la sécurité nationale et le renseignement,SNSICOP,SCPSNR,,359,snsicp-scpssnr
ed7f55ba-ecda-4599-8358-6d767b54e0cc,Security Intelligence Review Committee,Comité de surveillance des activités de renseignement de sécurité,SIRC,CSARS,109,109,sirc-csars
a793f17d-6bcd-47dd-97fe-f00835fb4a0d,Shared Services Canada,Services partagés Canada,SSC,SPC,92,53,ssc-spc
ba9e4fcd-845b-41a7-9671-06e836979177,Ship-source Oil Pollution Fund,Caisse d'indemnisation des dommages dus à la pollution par les hydrocarbures causée par les navires,SOPF,CIDP,65656,586,sopf-cidp
df295e03-841d-49be-aae6-32bb6ac093fb,Social Sciences and Humanities Research Council of Canada,Conseil de recherches en sciences humaines du Canada,SSHRC,CRSH,207,110,sshrc-crsh
901f0621-a2c8-41e9-ac93-a3c1a4fe1fe1,Social Security Tribunal of Canada,Tribunal de la Sécurité Sociale du Canada,SST,TSS,,346,sst-tss
3604024d-e348-49cb-b758-4b15c04d3e41,Sooke Investments Inc.,Sooke Investments Inc.,SINV,SINV,,565,sinv
c62b3639-18e6-420d-8c99-ee08339e4c72,Special Representative for the Prairies,Représentant spécial pour les Prairies,SRP,RSP,,,srp-rsp
0ca4c1a6-f751-438a-b215-000245174a3c,Specific Claims Tribunal,Tribunal des revendications particulières,SCT,TRP,,119,sct-trp
72f1cd74-bcd8-410f-9c67-d27afdc2ca40,Standards Council of Canada,Conseil canadien des normes,SCC-CCN,SCC-CCN,107,249,scc-ccn
a0f0fcfc-bc3b-4696-8b6d-e7e411d55bac,Statistics Canada,Statistique Canada,StatCan,StatCan,256,112,statcan
b3b6bbb7-2a9b-466e-b454-254408a21280,Status of Women Canada,Condition féminine Canada,SWC,CFC,147,30,swc-cfc
ea12ead1-29c2-5708-9e25-22156c33a3fe,St. John's Port Authority,Administration portuaire de St. John's,SJPA,APSJ,54,247,sjpa-apsj
414f6f6d-abfd-56a3-84d4-4ba6513115b6,Sustainable Development Technology Canada,Technologies du développement durable Canada,SDTC,TDDC,146,144,sdtc-tddc
c86106d4-d968-5d77-aa24-7a255cc6f9b1,Telefilm Canada,Téléfilm Canada,TF,TF,187,250,tf
11e44621-6b0c-47aa-88a2-4afa97e07090,The Correctional Investigator Canada,L'Enquêteur correctionnel Canada,OCI,BEC,5555,83,oci-bec
7bd194ae-ee73-4eb2-8431-c8662a6a5708,The Joint Federal/Provincial Commission into the April 2020 Nova Scotia Mass Casualty,Commission fédérale-provinciale sur les événements d'avril 2020 en Nouvelle Écosse,JFPC,CFP,,,jfpc-cfp
fe84271e-2a3e-4a69-91a7-05fdb5d19ca8,The National Battlefields Commission,Commission des champs de bataille nationaux,NBC,CCBN,262,214,nbc-ccbn
ae299f30-3321-5d03-9f0f-7286cda0ad03,The Seaway International Bridge Corporation,"Corporation du pont international de la voie maritime, Ltée",SIBC,CPIVML,60005,484,sibc-cpivml
c4b385d2-488c-5c2b-8b61-5862df2b444f,The St. Mary's River Bridge Company,Société du pont de la Rivière Ste Marie,SMRBC,SPRSM,60006,,smrbc-sprsm
4e4a3a79-e26b-4635-a611-ea50e36ab0c0,Thunder Bay Port Authority,Administration portuaire de Thunder Bay,TBPA,APTB,,253,tbpa-aptb
670b47fd-4299-564c-9e79-a7481cb58a42,Toronto Port Authority,Administration portuaire de Toronto,TPA,APT,61,255,tpa-apt
730fb6c1-9c7c-4077-b15e-c34f68ab9237,Trans Mountain Corporation,Trans Mountain Corporation,tmc,tmc,,,tmc
0b4bc51a-ba88-4090-94ed-3d092bf7afe3,Transportation Appeal Tribunal of Canada,Tribunal d'appel des transports du Canada,TATC,TATC,,116,tatc-tatc
90819721-e2b5-48ff-ad4d-e8828c05947a,Transportation Appeal Tribunal of Canada,Tribunal d'appel des transports du Canada,TATC,TATC,96,116,tatc
6d84ab23-f352-42ef-9f6e-f025f17f9675,Transportation Safety Board of Canada,Bureau de la sécurité des transports du Canada,TSB,BST,215,120,tsb-bst
aeae485f-42de-4d33-afa3-f8a3a76fc663,Transport Canada,Transports Canada,TC,TC,217,71,tc
5ef94202-c990-4d72-bb9d-e0113d814c77,Treasury Board,Conseil du Trésor,TB,CT,105,,tb-ct
81765fcd-32b3-4708-a593-3aa00705e62b,Treasury Board of Canada Secretariat,Secrétariat du Conseil du Trésor du Canada,TBS,SCT,139,117,tbs-sct
91c95c73-331a-4203-b282-cd5ae4a78d38,Trinity Bay Private Investments Inc.,Trinity Bay Private Investments Inc.,TBPI,TBPI,,566,tbpi
2fdbf68d-788e-4203-b6a8-1aa64e2095d6,Vancouver Fraser Port Authority,Administration portuaire Vancouver Fraser,VFPA,APVF,165860,258,vfpa-apvf
eadd6f05-3be4-4af6-ad22-4045878b73cb,Veterans Affairs Canada,Anciens Combattants Canada,VAC,ACC,189,35,vac-acc
8e8b4534-feb4-4980-8523-3fd66cb68568,Veterans Review and Appeal Board,Tribunal des anciens combattants (révision et appel),VRAB,TACRA,85,7,vrab-tacra
e3ac5f42-93aa-4076-b4fe-9b2740013443,VIA Rail Canada Inc.,VIA Rail Canada Inc.,VIA Rail,VIA Rail,55555,260,viarail
18977392-fcbc-4e78-acf5-5e207cf2bcf7,Via Rail High Frequency Rail,Via Rail train à grande fréquence,HGR,TGF,,,hgr-tgf
245939e0-7719-4597-88ba-47a9a28a7d50,VOP Investments Inc.,VOP Investments Inc.,VINV,VINV,,567,vinv
774c3b07-14d8-4e8b-a9b2-ac782449a767,Wek'eezhii Land and Water Board,Office Wek'eezhii des terres et des eaux,WLWB,OWTE,,,wlwb-owte
45f867de-3495-40d1-9a9f-ce66fbf27f28,Western Economic Diversification Canada,Diversification de l'économie de l'Ouest Canada,WD,DEO,55,122,wd-deo
4593c98c-db81-4680-b978-d21e83dbbcd0,Windsor-Detroit Bridge Authority,Autorité du pont Windsor-Détroit,WDBA,APWD,55553,283,wdba-apwd
6a5edf5f-f3f5-499e-b4e2-660aa444c513,Windsor Port Authority,Administration portuaire de Windsor,WPA,APW,,264,wpa-apw
9363a3b2-ba6b-4197-8afc-cd03407306bd,Women and Gender Equality Canada,Femmes et Égalité des genres Canada,wage,wage,190,593,wage
3f4723b9-6e7a-5df9-80e2-2dcc95b5c8a1,Yukon Environmental and Socio-economic Assessment Board,Office d'évaluation environnementale et socio-économique du Yukon,YESAB,OEESY,60007,589,yesab-oeesy
2a010677-4968-579e-9034-94ef304887db,Yukon Surface Rights Board,Office des droits de surface du Yukon,YSRB,ODSY,60008,590,ysrb-odsy
